keyword,n_months,spearman_rho,spearman_p,pearson_r,pearson_p,gt_data_source
리프팅시술,120,-0.10679313382368463,0.2456668215684185,-0.3310087775856467,0.00022186234385018611,unknown
슈링크,120,0.555820910535522,4.404881051586561e-11,0.519240418916289,1.2305820731239568e-09,unknown
실리프팅,120,-0.46327355772801465,9.919738311290144e-08,-0.6388303900165584,4.1405584166221984e-15,unknown
써마지,120,0.5414449630101603,1.7101809198706825e-10,0.46915924200757764,6.481997724108889e-08,unknown
울쎄라,120,-0.4716813366889346,5.3883326167374754e-08,-0.4334368668830182,7.61523300922089e-07,unknown
인모드,117,0.7954029346084991,9.098227314186046e-27,0.7628984352130583,1.5934995381362817e-23,unknown
