n_joinpoints,joinpoints,bic,aic
0,[],10.294410827326308,9.689240641338216
1,[2017],1.499183961587101,0.5914286826049633
2,"[2018, 2022]",-11.909820999391751,-13.120161371367935
