n_joinpoints,joinpoints,bic,aic
0,[],-51.58018913290049,-52.18535931888859
1,[2018],-60.117352725257746,-61.02510800423988
2,"[2019, 2021]",-60.332364726533726,-61.54270509850991
