level,n_joinpoints,joinpoints,bic,aic,r_squared
annual,0,[],10.294410827326308,9.689240641338216,0.6586952438911389
annual,1,[2017],1.4991839615858575,0.5914286826037198,0.8874953453769528
annual,2,"[2018, 2022]",-11.909820999396775,-13.120161371372959,0.9766210606383035
monthly,0,[],93.6388055973395,88.06382211177541,0.6274771598629458
monthly,1,[2018.0],87.67116997454872,79.30869474620258,0.6594124241339802
monthly,2,"[2018.5, 2022.0]",62.21414779097057,51.06418081984239,0.7352900563370293
