keyword,beta3_observed,beta3_se,n_obs,mdes_80pct,observed_power,significant_bh
리프팅시술,-0.5580517063077086,0.1068183727354553,240,0.2992607740785329,0.9994514039485337,True
슈링크,-0.2665311341238926,0.0763883485449123,240,0.2140084681194876,0.9368920377259639,True
실리프팅,-0.5731818641340696,0.0903988432959328,240,0.25326006311239596,0.9999940830171421,True
써마지,0.0529093559564336,0.1012032186102858,240,0.28352944128403196,0.0818544565610453,False
울쎄라,-0.0466912723771328,0.1236584691251653,240,0.346439739195542,0.06648664680192548,False
인모드,-0.0551213128037413,0.2133514983881256,229,0.5977224041464254,0.05768113954662915,False
