keyword,method,beta1_time,beta1_se,beta1_p,beta2_young,beta2_se,beta2_p,beta3_interaction,beta3_se,beta3_p,beta3_ci_lower,beta3_ci_upper,r_squared,n_obs,durbin_watson,ljung_box_q12,ljung_box_p12,pattern,beta3_p_bh,significant_bh
리프팅시술,OLS_HAC,0.5346496873815483,0.0422141440507147,9.220988833643016e-37,28.717134046143425,9.219818856944343,0.0018412095989769617,-0.5580517063077086,0.1068183727354553,1.7481090080376992e-07,-0.7674118697563763,-0.34869154285904097,0.5398709168582271,240,0.7431941650722094,394.6844805386664,5.0508019282158926e-77,Maturation,5.244327024113098e-07,True
슈링크,OLS_HAC,0.3993156784185688,0.0601976912830138,3.280296847117981e-11,14.126493188705314,5.657283096087433,0.01252328936357315,-0.2665311341238926,0.07638834854491232,0.0004845418842290644,-0.4162495461104134,-0.11681272213737184,0.4975711712565719,240,0.7979473380436259,166.2176853882468,2.831024994864155e-29,Maturation,0.0009690837684581288,True
실리프팅,OLS_HAC,0.4445190905266309,0.08612132255418549,2.449198655658661e-07,19.502875068755856,6.337186754409218,0.0020872463286265687,-0.5731818641340696,0.09039884329593288,2.288891787413777e-10,-0.7503603412381781,-0.396003387029961,0.5926171547221681,240,0.6225983293371133,569.5253278613702,3.388801578300908e-114,Maturation,1.3733350724482663e-09,True
써마지,OLS_HAC,0.33274406472660967,0.06394801384598134,1.9572499409023118e-07,8.835119098370118,5.295182351926653,0.09521249109900368,0.05290935595643364,0.1012032186102858,0.6011112852990055,-0.14544530763926028,0.25126401955212757,0.6100445057302495,240,0.6197141269690997,320.0748861944883,2.8329844722519524e-61,Broadening,0.7961297364441421,False
울쎄라,OLS_HAC,0.5210600499266422,0.10681674651700235,1.071264520899747e-06,7.715677907828333,8.134701886683027,0.34288040433562006,-0.04669127237713286,0.12365846912516536,0.7057407761945561,-0.2890574182458152,0.1956748734915495,0.6771382411733835,240,0.4476576300127351,609.9956324500843,7.772996911716578e-123,Maturation,0.7961297364441421,False
인모드,OLS_HAC,0.7052265700673692,0.1537376949458008,4.492160716870054e-06,4.757268682408815,9.894703861207118,0.6306661882718056,-0.05512131280374135,0.21335149838812567,0.7961297364441421,-0.473282565692123,0.36303994008464036,0.5987585726852579,229,0.09043903184634965,1344.4560058258508,1.3083591600985963e-280,Maturation,0.7961297364441421,False
