keyword,beta1_time,beta1_se,beta1_p,beta2_young,beta2_se,beta2_p,beta3_interaction,beta3_se,beta3_p,beta3_ci_lower,beta3_ci_upper,r_squared,n_obs,pattern,beta3_p_bh,significant_bh
리프팅시술,0.14027680969462847,0.006394823363235937,1.178339513637777e-106,-35.018863062442776,1.1609994752040056,7.313343350522294e-200,0.4112999861101695,0.014014204982691963,2.4758612848562564e-189,0.3838326490721315,0.4387673231482075,0.9530197744634409,240.0,Broadening,7.42758385456877e-189,True
슈링크,0.7255495800650358,0.11528696490667134,3.1054156504457515e-10,-11.773945247933936,10.689334128940438,0.27069360362562556,0.1399160966039319,0.1265367369535477,0.2688412438698956,-0.10809135054624014,0.3879235437541039,0.8642122708114357,240.0,Broadening,0.2688412438698956,False
실리프팅,0.19709705281904666,0.00720874093561693,1.3667213051385779e-164,-30.673743801653035,0.9955058790648983,1.7978084493857452e-208,0.3931325989073505,0.012861428968492933,3.383275896069947e-205,0.3679246613393842,0.41834053647531677,0.9428315000206885,240.0,Broadening,2.0299655376419683e-204,True
써마지,0.08293147938887507,0.008332540758365446,2.4537279801353812e-23,-43.793974747474934,1.3750459865444244,1.3546953330673766e-222,0.45537971097532226,0.01843868764133237,1.1527382617408745e-134,0.41924054727612703,0.4915188746745175,0.9654075152577254,240.0,Broadening,1.729107392611312e-134,True
울쎄라,-0.22106996128151946,0.006741727562445983,7.836276669779419e-236,-51.223900711662324,2.0653609446791874,8.652480974917449e-136,0.6671361697571868,0.026117281295826304,6.424723177445526e-144,0.6159472390432656,0.718325100471108,0.9281377907951801,240.0,Displacement,1.2849446354891053e-143,True
인모드,0.660966648878328,0.09817385075828046,1.6664164820883523e-11,-10.122040174472033,9.70518832733788,0.29697078205847227,0.2318570010648898,0.11518255150277432,0.04411963027171805,0.006103348472022263,0.4576106536577573,0.873354635845127,240.0,Broadening,0.05294355632606166,False
