keyword,slope_per_year,p_value,r_squared,ytr_2016,ytr_2025
리프팅시술,-0.22216869241463896,0.0002850592267801422,0.8237123102660378,2.509839305724824,0.6188899334810707
슈링크,-0.18965308576531217,0.004647746275121115,0.6534738533012068,1.581360691808833,0.455332673593536
실리프팅,-0.14749072506952152,5.9555337703147356e-05,0.8800445257495673,1.2257519018686365,0.241446841937245
써마지,-0.293329160069531,0.020157262118545842,0.5110001686634322,2.0292841906663317,1.4527876338402412
울쎄라,-0.10572647309251697,0.1276239500427516,0.26529665863947594,0.9111862176997608,0.9121714164781378
인모드,0.025117090101259232,0.5599530334944278,0.044187982010723825,0.2501927492395937,0.93335120177318
All combined,-0.1555418410517103,0.00436092467664959,0.6586952438911389,1.4179358428346633,0.7689966168505684
