keyword,slope_per_year,p_value,r_squared,ytr_2016,ytr_2025
리프팅시술,-0.22216869241463785,0.00028505922678013004,0.8237123102660391,2.509839305724824,0.6188899334810707
슈링크,-0.1896530857653099,0.004647746275121215,0.6534738533012073,1.581360691808833,0.455332673593536
실리프팅,-0.14749072506952013,5.955533770313865e-05,0.8800445257495727,1.2257519018686365,0.241446841937245
써마지,-0.29332916006952603,0.020157262118546113,0.5110001686634387,2.0292841906663317,1.4527876338402412
울쎄라,-0.10572647309251446,0.12762395004275867,0.26529665863946916,0.9111862176997608,0.9121714164781378
인모드,0.025117090101260106,0.5599530334944129,0.044187982010717275,0.2501927492395937,0.93335120177318
All combined,-0.15554184105170804,0.004360924676649705,0.6586952438911404,1.4179358428346633,0.7689966168505684
