keyword,slope_per_year,p_value,r_squared,ytr_2016,ytr_2025
리프팅시술,0.07228942785198289,6.146642077404138e-13,0.9987756889657449,0.5138447337079486,1.160262292224909
슈링크,0.0706953430222427,5.662105597070577e-10,0.9932588131593194,0.5042169456338393,1.1315737845311875
실리프팅,0.07664806534694987,6.69198784056798e-12,0.9977762928045827,0.5074871732932742,1.2033425372366624
써마지,0.07525373507951914,2.7035135964915268e-11,0.9968476782862449,0.4420709472907362,1.1246216989345383
울쎄라,0.11112129503194548,5.371817250081927e-07,0.9627033552868474,0.4587767169196189,1.4671610156842372
인모드,0.11030342705945884,8.280634816933416e-05,0.8698895786040219,0.2216331639790885,1.278089002061356
All combined,0.08605188223201649,3.955809026279877e-11,0.9965330823816839,0.44133828013741766,1.2275083884454816
